<?xml version="1.0" encoding="UTF-8" standalone="yes"?>
<addon id="plugin.video.dexterpvrtool" name=" DEXTER PVR [COLOR yellow]TOOL[/COLOR]" version="1.2.0" provider-name="SchisM">  
 <requires>    
	<import addon="script.module.simplejson" version="3.3.0"/>    
	<import addon="xbmc.python" version="2.1.0"/>    
	<import addon="script.module.t0mm0.common" version="2.0.0"/>    
	<import addon="script.module.urlresolver"  version="2.1.2"/>    
	<import addon="script.common.plugin.cache" version="2.5.2"/>    

 </requires>  
 <extension point="xbmc.python.pluginsource" library="default.py">        
	<provides>video</provides>  
 </extension>  
 <extension point="xbmc.addon.metadata">    
	<summary lang="en">Dexter Pro PVR Helper</summary>    
	<description lang="en">Copy your dexter settings to different Profile folders</description>
	<platform>all</platform>  
 </extension>
</addon>