<?xml version="1.0" encoding="UTF-8" standalone="yes"?>
<addons>
<addon id="plugin.video.dexterpvrtool" name=" DEXTER PVR [COLOR yellow]TOOL[/COLOR]" version="1.2.0" provider-name="SchisM">
 <requires>
	<import addon="script.module.simplejson" version="3.3.0"/>
	<import addon="xbmc.python" version="2.1.0"/>
	<import addon="script.module.t0mm0.common" version="2.0.0"/>
	<import addon="script.module.urlresolver"  version="2.1.2"/>
	<import addon="script.common.plugin.cache" version="2.5.2"/>

 </requires>
 <extension point="xbmc.python.pluginsource" library="default.py">
	<provides>video</provides>
 </extension>
 <extension point="xbmc.addon.metadata">
	<summary lang="en">Dexter Pro PVR Helper</summary>
	<description lang="en">Copy your dexter settings to different Profile folders</description>
	<platform>all</platform>
 </extension>
</addon>

<addon id="plugin.video.md123movies" name="123Movies" version="1.0.5" provider-name="Mucky Duck">
  <requires>
    <import addon="xbmc.python" version="2.1.0"/>
	<import addon="script.module.urlresolver"  version="2.1.2"/>
	<import addon="script.module.addon.common" />
	<import addon="script.module.requests" />
	<import addon="repository.mdrepo" />
  </requires>
  <extension point="xbmc.python.pluginsource" library="default.py">
        <provides>video</provides>
  </extension>
  <extension point="xbmc.addon.metadata">
    <summary lang="en">Stream Movies From The 123movies.to WebSite</summary>
    <description lang="en"></description>
	<disclaimer lang="en">The author does not host or distribute any of the content displayed by this addon</disclaimer>
    <platform>all</platform>
  </extension>
</addon>

<addon id="plugin.video.mnutzreloaded" name="[COLOR yellow]MuttsNutz [/COLOR]Reloaded" version="1.1.0" provider-name="SchisM">
	<requires>
		<import addon="script.module.simplejson" version="3.3.0"/>
		<import addon="xbmc.python" version="2.1.0"/>
		<import addon="script.module.t0mm0.common" version="2.0.0"/>
		<import addon="plugin.video.youtube" version="3.0.0"/>
		<import addon="script.module.urlresolver"  version="2.1.2"/>
		<import addon="script.common.plugin.cache" version="2.5.2"/>
		<import addon="script.module.metahandler" version="2.5.1"/>
	</requires>
	<extension point="xbmc.python.pluginsource" library="default.py">
		<provides>video</provides>
	</extension>
	<extension point="xbmc.addon.metadata">
			<summary lang="en">AKA MuttsNutz Reloaded</summary>
			<description lang="en">Credit goes to Metalkettle for the base and Lambda for the resolver</description>
			<platform>all</platform>
	</extension>
</addon>

<addon id="plugin.video.ProjectCypher"
       name="ProjectCypher"
       version="2.0.1"
       provider-name="Cypher">
  <requires>
    <import addon="xbmc.python" version="2.1.0"/>
	<import addon="script.module.t0mm0.common" version="2.0.0"/>
    <import addon="script.module.beautifulsoup" version="3.2.1"/>
    <import addon="script.module.simple.downloader" version="0.9.4"/>
    <import addon="script.module.beautifulsoup4" />
    <import addon="script.module.simple.downloader" version="0.9.4"/>
    <import addon="script.module.requests" />
    <import addon="script.module.httplib2" />
    <import addon="script.module.youtube.dl" optional="true"/>
    <import addon="plugin.video.youtube" version="3.0.0"/>
    <import addon="script.module.urlresolver" optional="true"/>
    <import addon="script.module.simplejson" />
    <import addon="script.common.plugin.cache" version="2.5.2"/>
    <import addon="script.module.metahandler" version="2.5.1"/>
  </requires>
  <extension point="xbmc.python.pluginsource" library="default.py">
    <provides>video</provides>
  </extension>
  <extension point="xbmc.addon.metadata">
    <summary>Live SD and HD TV channels</summary>
    <description>General disclaimer: Project Cypher takes no responsibility for the content or reliability of the feeds. Project Cypher [B]Does Not[/B] host any of the feeds or Streams. Most of the Code from this addon was taken from many other addons but used under the GNU GENERAL PUBLIC LICENSE Version 2, June 1991</description>
    <platform>all</platform>
  </extension>
</addon>

<addon id="plugin.video.SemperFIwizard" version="1.1.0" name="SemperFI Builds Wizard" provider-name="Semperfidelis">
    <requires>
        <import addon="xbmc.python" version="2.1.0"/>
        <import addon="script.module.addon.common" version="2.0.0" />
    </requires>
    <extension point="xbmc.python.pluginsource" library="default.py">
        <provides>executable</provides>
    </extension>
    <extension point="xbmc.service" library="service.py" start="startup">
    </extension>
    <extension point="xbmc.addon.metadata">
        <summary>SemperFI Builds Wizard</summary>
        <description>
***INSTALL BUILDS FROM SEMPERFIDELIS ***
        </description>
        <platform>all</platform>
        <website></website>
		<forum></forum>
    </extension>
</addon>

<addon
  id="plugin.video.SportsDevil"
  version="2016.01.12"
  name="SportsDevil"
  provider-name="MaxMustermann">
  <requires>
   <import addon="xbmc.python" version="2.14.0"/>
   <import addon="script.module.requests" />
   <import addon="script.module.pydevd" version="4.4.0" optional="true"/>
  </requires>
  <extension
    point="xbmc.python.pluginsource"
    library="default.py">
   <provides>video</provides>
  </extension>
  <extension point="xbmc.addon.metadata">
    <summary>Play videos of different sports streaming sites</summary>
    <description>Play videos of different sports streaming sites</description>
    <license>GNU GENERAL PUBLIC LICENSE. Version 2, June 1991</license>
    <platform>all</platform>
  </extension>
</addon>

<addon id="script.areswizard" name="[COLOR black].[/COLOR] Ares Wizard" provider-name="AresTeam" version="0.0.26">
 <requires>
 <import addon="script.module.pyxbmct" version="1.1.4"/>
 <import addon="script.module.elementtree" version="1.2.7"/>
 </requires>
 <extension library="default.py" point="xbmc.python.pluginsource">
 <provides>executable</provides>
 </extension>
 <extension point="xbmc.service" library="resources/aresservice.py" start="startup" />
  <extension point="xbmc.addon.metadata">
    <summary lang="en">Ares Wizard - Your one stop for Kodi setup + maintenance</summary>
    <description lang="en">Ares Wizard</description>
    <platform>all</platform>
  </extension>
 </addon>

<addon id="script.module.addon.common"
	     name="Common addon methods"
	     version="2.0.0"
	     provider-name="Eldorado (original: t0mm0)">
  <requires>
    <import addon="xbmc.python" version="2.1.0" />
  </requires>
  <extension point="xbmc.python.module" library="lib" />
  <extension point="xbmc.addon.metadata">
    <platform>all</platform>
    <summary lang="en">Collection of commonly used addon routines</summary>
    <description lang="en">Collection of commonly used addon routines to simplify addon development.</description>
    <disclaimer lang="en"></disclaimer>
    <language></language>
    <platform>all</platform>
    <license>GNU GENERAL PUBLIC LICENSE. Version 2, June 1991</license>
    <forum></forum>
    <website></website>
    <email></email>
    <source></source>
  </extension>
</addon>

<addon id="script.module.urlresolver"
     name="URLResolver"
     version="2.10.10"
     provider-name="Eldorado">
  <requires>
    <import addon="xbmc.python" version="2.1.0" />
    <import addon="script.module.t0mm0.common" version="2.0.0"/>
    <import addon="script.module.simplejson" version="3.3.0"/>
  </requires>
  <extension point="xbmc.python.module" library="lib" />
  <extension point="xbmc.addon.metadata">
    <platform>all</platform>
    <summary lang="en">Resolve common video host URL's to be playable in XBMC/Kodi.</summary>
    <description lang="en">Resolve common video host URL's to be playable in XBMC/Kodi, simplify addon development of video plugins requiring multi video hosts.</description>
  </extension>
</addon>

<addon id="xbmc.repo.ivueguide" name="iVue2 TV Guide Repo" version="0.0.1" provider-name="iVue">
	<extension point="xbmc.addon.repository" name="iVue2 TV Guide Add-ons Repository">
		<info compressed="false">https://raw.githubusercontent.com/totaltec2014/ivue2/master/addons.xml</info>
		<checksum>https://raw.githubusercontent.com/totaltec2014/ivue2/master/addons.xml.md5</checksum>
		<datadir zip="true">https://raw.githubusercontent.com/totaltec2014/ivue2/master/</datadir>
	</extension>
	<extension point="xbmc.addon.metadata">
		<summary>Install iVue2 TV Guide </summary>
		<description>Download and install for iVue2 Tv guide addons </description>
		<disclaimer> Repo for iVue2 Tv guide addon </disclaimer>
		<platform>all</platform>
	</extension>
</addon>
</addons>
